participant_id,anon_id
Uriel_Septim_VII,P01
Yoloman,P02
participant-mpya2p1q-46ef0b,P03
participant-mpzu7yfi-18b55e,P04
participant-mpzuqjdb-edb342,P05
participant-mq005qw8-a6ac91,P06
participant-mq0uvjt0-011c95,P07
participant-mpzxp2jz-c463ae,P08
participant-mq0zhvzs-7029a5,P09
participant-mq2ql73p-7cf181,P10
participant-mq3eh42s-fb2cf2,P11
participant-mq3o607h-2af78e,P12
participant-mq5aoq7u-493cb0,P13
participant-mq6h4za4-3dd8ed,P14
participant-mq6wl4tc-aa847e,P15
participant-mq70m2z5-437293,P16
participant-mq748vre-54ccf6,P17
participant-mq74r16t-8b9959,P18
participant-mq86r5q8-62d0e9,P19
participant-mq000vqm-dbf8fe,P20
participant-mq89l4pr-50d828,P21
participant-mq9rrhhc-33dea0,P22
participant-mqb4fag6-6ad1d5,P23
participant-mqbpu17e-3a95f6,P24
participant-mqbpu8zh-63581d,P25
participant-mqbro0lo-88d5a7,P26
participant-mqbsmuwn-832271,P27
participant-mqbtnitc-2035a0,P28
